,Date,AAPL,BAC,JPM,MSFT,NFLX,NIO,V
0,2020-01-02,73.84004211425781,34.70914077758789,136.14588928222656,158.936279296875,329.80999755859375,3.7200000286102295,189.95077514648438
1,2020-01-03,73.12215423583984,33.98847198486328,134.3492431640625,156.95726013183594,325.8999938964844,3.8299999237060547,188.44007873535156
2,2020-01-06,73.70481872558594,33.93977355957031,134.242431640625,157.3629608154297,335.8299865722656,3.680000066757202,188.0325927734375
3,2020-01-07,73.35818481445312,33.715782165527344,131.96022033691406,155.9281768798828,330.75,3.240000009536743,187.53565979003906
4,2020-01-08,74.53823852539062,34.056640625,132.98963928222656,158.41183471679688,339.260009765625,3.390000104904175,190.74588012695312
5,2020-01-09,76.12149810791016,34.115074157714844,133.4752197265625,160.390869140625,335.6600036621094,3.4600000381469727,192.0677490234375
6,2020-01-10,76.2935791015625,33.8326530456543,132.14474487304688,159.6487274169922,329.04998779296875,3.509999990463257,192.58457946777344
7,2020-01-13,77.92353820800781,34.14429473876953,133.24212646484375,161.5684051513672,338.9200134277344,3.700000047683716,194.13504028320312
8,2020-01-14,76.87132263183594,34.39750289916992,134.79598999023438,160.43045043945312,338.69000244140625,3.759999990463257,194.8506317138672
9,2020-01-15,76.54188537597656,33.76447677612305,132.77598571777344,161.46945190429688,339.07000732421875,4.289999961853027,198.5776824951172
10,2020-01-16,77.50069427490234,33.81317138671875,133.29067993164062,164.42811584472656,338.6199951171875,4.369999885559082,199.7206573486328
11,2020-01-17,78.35869598388672,33.803428649902344,134.21328735351562,165.34835815429688,339.6700134277344,4.670000076293945,203.4477081298828
12,2020-01-21,77.82766723632812,33.36518478393555,132.8925323486328,164.75465393066406,338.1099853515625,5.170000076293945,206.02186584472656
13,2020-01-22,78.10547637939453,33.46257781982422,132.7371368408203,163.96304321289062,326.0,4.789999961853027,206.62814331054688
14,2020-01-23,78.48162078857422,33.228843688964844,132.60116577148438,164.97235107421875,349.6000061035156,4.920000076293945,205.256591796875
15,2020-01-24,78.25543975830078,32.663997650146484,129.3089599609375,163.30995178222656,353.1600036621094,4.659999847412109,203.74588012695312
16,2020-01-27,75.95431518554688,31.99201011657715,128.22128295898438,160.57888793945312,342.8800048828125,4.010000228881836,200.4561309814453
17,2020-01-28,78.10301208496094,32.371829986572266,130.55203247070312,163.72555541992188,348.5199890136719,4.210000038146973,201.60902404785156
18,2020-01-29,79.73789978027344,32.147830963134766,130.35780334472656,166.27850341796875,343.1600036621094,4.269999980926514,203.60671997070312
19,2020-01-30,79.6223373413086,32.60555648803711,131.9699249267578,170.9688262939453,347.739990234375,4.079999923706055,206.93624877929688
20,2020-01-31,76.09199523925781,31.9725399017334,128.541748046875,168.445556640625,345.0899963378906,3.7799999713897705,197.75274658203125
21,2020-02-03,75.88301849365234,32.10887908935547,129.5226287841797,172.5520477294922,358.0,4.059999942779541,199.58151245117188
22,2020-02-04,78.38819885253906,32.74189758300781,131.38722229003906,178.23187255859375,369.010009765625,4.510000228881836,202.31466674804688
23,2020-02-05,79.02740478515625,33.803428649902344,133.62088012695312,178.01419067382812,369.6700134277344,4.389999866485596,201.5692596435547
24,2020-02-06,79.95177459716797,33.76447677612305,133.6403045654297,181.70509338378906,366.95001220703125,4.079999923706055,201.7978515625
25,2020-02-07,78.86502075195312,33.7060432434082,133.21299743652344,181.9623565673828,366.7699890136719,3.809999942779541,201.49969482421875
26,2020-02-10,79.23959350585938,33.78395462036133,133.76657104492188,186.72193908691406,371.07000732421875,3.869999885559082,204.72982788085938
27,2020-02-11,78.76152038574219,33.86186599731445,134.01905822753906,182.50660705566406,373.69000244140625,3.9600000381469727,202.69236755371094
28,2020-02-12,80.63192749023438,34.00794982910156,134.01905822753906,182.77377319335938,380.010009765625,4.070000171661377,206.1709442138672
29,2020-02-13,80.0577392578125,33.998207092285156,133.90252685546875,181.78427124023438,381.3999938964844,4.03000020980835,206.42971801757812
30,2020-02-14,80.07746124267578,33.93977355957031,133.49464416503906,183.4070587158203,380.3999938964844,3.7699999809265137,209.3061981201172
31,2020-02-18,78.61119842529297,33.37492752075195,131.72714233398438,185.26736450195312,387.7799987792969,3.799999952316284,210.21194458007812
32,2020-02-19,79.74970245361328,33.81317138671875,133.52378845214844,185.822998046875,386.19000244140625,4.079999923706055,212.31207275390625
33,2020-02-20,78.93156433105469,33.93977355957031,133.52378845214844,182.9852294921875,386.0,4.260000228881836,210.46078491210938
34,2020-02-21,77.14494323730469,33.46257781982422,131.89222717285156,177.2006072998047,380.07000732421875,4.079999923706055,207.8331298828125
35,2020-02-24,73.48052215576172,31.87514305114746,128.34751892089844,169.56051635742188,368.70001220703125,3.880000114440918,197.86000061035156
36,2020-02-25,70.9915771484375,30.26824378967285,122.61773681640625,166.762451171875,360.0899963378906,4.400000095367432,187.51861572265625
37,2020-02-26,72.11776733398438,29.82999610900879,122.98675537109375,168.84609985351562,379.239990234375,4.340000152587891,186.33419799804688
38,2020-02-27,67.40355682373047,28.369173049926758,117.86878967285156,156.9493865966797,371.7099914550781,4.139999866485596,179.1678466796875
39,2020-02-28,67.36412811279297,27.755630493164062,112.76052856445312,160.7495880126953,369.0299987792969,4.130000114440918,180.90966796875
40,2020-03-02,73.63577270507812,28.602907180786133,118.01445770263672,171.4457244873047,381.04998779296875,4.110000133514404,191.43023681640625
41,2020-03-03,71.29715728759766,27.02521514892578,113.58600616455078,163.2301483154297,368.7699890136719,4.059999942779541,184.86109924316406
42,2020-03-04,74.60424041748047,27.648502349853516,116.39263916015625,169.22314453125,383.7900085449219,3.869999885559082,193.38104248046875
43,2020-03-05,72.1843032836914,26.246965408325195,110.68226623535156,164.9764404296875,372.7799987792969,3.7200000286102295,186.08535766601562
44,2020-03-06,71.2256851196289,25.198261260986328,104.96217346191406,160.3130340576172,368.9700012207031,3.549999952316284,183.49752807617188
45,2020-03-09,65.5923080444336,21.493499755859375,90.74449920654297,149.4481964111328,346.489990234375,3.2899999618530273,170.3294219970703
46,2020-03-10,70.31636810302734,23.14006233215332,97.7950668334961,159.66807556152344,364.1300048828125,3.5,181.74574279785156
47,2020-03-11,67.8742446899414,22.21877098083496,93.1917953491211,152.43478393554688,349.9200134277344,3.319999933242798,172.14089965820312
48,2020-03-12,61.17134094238281,20.101762771606445,85.5099868774414,137.97813415527344,315.25,3.130000114440918,159.33108520507812
49,2020-03-13,68.50017547607422,23.679115295410156,100.91246795654297,157.59434509277344,336.29998779296875,3.109999895095825,175.00743103027344
50,2020-03-16,59.68783187866211,20.03315544128418,85.81103515625,134.36647033691406,298.8399963378906,2.940000057220459,151.29884338378906
51,2020-03-17,62.31230926513672,21.542505264282227,91.05526733398438,145.4297332763672,319.75,2.9000000953674316,157.15133666992188
52,2020-03-18,60.78691101074219,20.37619400024414,81.4699935913086,139.30772399902344,315.4700012207031,2.430000066757202,147.7853546142578
53,2020-03-19,60.3211555480957,20.778030395507812,82.83931732177734,141.59974670410156,332.0299987792969,2.380000114440918,151.53773498535156
54,2020-03-20,56.491634368896484,19.278484344482422,81.09124755859375,136.28143310546875,332.8299865722656,2.4000000953674316,146.14309692382812
55,2020-03-23,55.29151916503906,17.72013282775879,76.75018310546875,134.92208862304688,360.2699890136719,2.369999885559082,135.10496520996094
56,2020-03-24,60.838661193847656,20.611413955688477,85.8790283203125,147.18594360351562,357.32000732421875,2.5999999046325684,153.8070831298828
57,2020-03-25,60.503517150878906,20.680021286010742,89.08383178710938,145.77699279785156,342.3900146484375,2.759999990463257,161.02316284179688
58,2020-03-26,63.68739318847656,22.26777458190918,95.28949737548828,154.89549255371094,362.989990234375,2.930000066757202,168.08993530273438
59,2020-03-27,61.050594329833984,21.170066833496094,88.50113677978516,148.5353546142578,357.1199951171875,2.8399999141693115,160.80418395996094
60,2020-03-30,62.792850494384766,21.6013126373291,90.80277252197266,158.9834442138672,370.9599914550781,2.7100000381469727,164.79542541503906
61,2020-03-31,62.66470718383789,20.807432174682617,87.43286895751953,156.48304748535156,375.5,2.7799999713897705,160.36624145507812
62,2020-04-01,59.36747360229492,19.376493453979492,81.92642974853516,150.92662048339844,364.0799865722656,2.6500000953674316,152.3937225341797
63,2020-04-02,60.35811996459961,20.160568237304688,84.98556518554688,154.05210876464844,370.0799865722656,2.390000104904175,156.6536865234375
64,2020-04-03,59.490692138671875,19.631319046020508,82.47357940673828,152.63323974609375,361.760009765625,2.4000000953674316,151.13961791992188
65,2020-04-06,64.68050384521484,20.964248657226562,87.78211212158203,163.98423767089844,379.9599914550781,2.4700000286102295,168.64732360839844
66,2020-04-07,63.93135452270508,21.69931983947754,88.93997955322266,162.21807861328125,372.2799987792969,2.700000047683716,167.80128479003906
67,2020-04-08,65.56765747070312,22.983245849609375,92.53133392333984,163.84530639648438,371.1199951171875,2.740000009536743,174.12158203125
68,2020-04-09,66.04080200195312,24.365182876586914,100.83265686035156,163.85523986816406,370.7200012207031,2.6700000762939453,172.87744140625
69,2020-04-13,67.33702850341797,23.443889617919922,96.34837341308594,164.22235107421875,396.7200012207031,2.9700000286102295,168.19943237304688
70,2020-04-14,70.73775482177734,23.257673263549805,93.70882415771484,172.3486328125,413.54998779296875,3.009999990463257,173.80307006835938
71,2020-04-15,70.09210968017578,21.74832534790039,89.08716583251953,170.5428009033203,426.75,3.200000047683716,165.18359375
72,2020-04-16,70.64904022216797,20.99365234375,85.69206237792969,175.6626434326172,439.1700134277344,3.25,161.66015625
73,2020-04-17,69.69042205810547,22.81662940979004,93.39482879638672,177.2105255126953,422.9599914550781,3.2100000381469727,168.74684143066406
74,2020-04-20,68.24388122558594,22.052154541015625,89.98990631103516,173.6980743408203,437.489990234375,3.190000057220459,163.4517364501953
75,2020-04-21,66.13443756103516,21.209270477294922,87.37980651855469,166.514404296875,433.8299865722656,3.0199999809265137,159.77899169921875
76,2020-04-22,68.03935241699219,21.366086959838867,87.66435241699219,172.17005920410156,421.4200134277344,3.0899999141693115,165.81063842773438
77,2020-04-23,67.77567291259766,21.434696197509766,87.71342468261719,170.0863800048828,426.70001220703125,3.059999942779541,165.60162353515625
78,2020-04-24,69.7323226928711,21.738523483276367,89.00865936279297,173.19203186035156,424.989990234375,2.940000057220459,166.53724670410156
79,2020-04-27,69.78160858154297,23.002845764160156,92.8453369140625,172.6959228515625,421.3800048828125,3.240000009536743,170.95645141601562
80,2020-04-28,68.6504898071289,23.414485931396484,93.50276184082031,168.48892211914062,403.8299865722656,3.3399999141693115,170.4488525390625
81,2020-04-29,70.90533447265625,24.286773681640625,96.0245590209961,176.04962158203125,411.8900146484375,3.609999895095825,180.9395294189453
82,2020-04-30,72.40115356445312,23.57130241394043,93.96395111083984,177.81578063964844,419.8500061035156,3.4100000858306885,177.8839111328125
83,2020-05-01,71.23554229736328,22.620609283447266,91.50102233886719,173.21189880371094,415.2699890136719,3.180000066757202,174.74864196777344
84,2020-05-04,72.24344635009766,22.473596572875977,90.4118423461914,177.44863891601562,428.1499938964844,3.3399999141693115,175.325927734375
85,2020-05-05,73.3277359008789,22.20897102355957,90.27447509765625,179.35372924804688,424.67999267578125,3.2799999713897705,177.60520935058594
86,2020-05-06,74.08428192138672,21.905139923095703,88.57691955566406,181.119873046875,434.260009765625,3.619999885559082,177.94361877441406
87,2020-05-07,74.85066986083984,22.385387420654297,89.4992904663086,182.171630859375,436.5299987792969,3.630000114440918,181.8651885986328
88,2020-05-08,77.25967407226562,23.10085678100586,90.96133422851562,183.2432098388672,435.54998779296875,3.7699999809265137,184.22410583496094
89,2020-05-11,78.47537231445312,22.130563735961914,88.28254699707031,185.28720092773438,440.5199890136719,3.740000009536743,182.7012481689453
90,2020-05-12,77.57853698730469,21.434696197509766,85.3976821899414,181.09010314941406,431.82000732421875,3.619999885559082,178.63040161132812
91,2020-05-13,76.64185333251953,20.454599380493164,82.45394897460938,178.35157775878906,438.2699890136719,3.440000057220459,176.55665588378906
92,2020-05-14,77.11268615722656,21.277877807617188,85.87849426269531,179.12551879882812,441.95001220703125,3.450000047683716,180.3551788330078
93,2020-05-15,76.65679168701172,21.013254165649414,84.28888702392578,181.73504638671875,454.19000244140625,3.369999885559082,182.9373779296875
94,2020-05-18,78.4629135131836,22.473596572875977,88.7535400390625,183.471435546875,452.5799865722656,3.609999895095825,190.80361938476562
95,2020-05-19,78.009521484375,21.767925262451172,87.00692749023438,182.20140075683594,451.0400085449219,3.690000057220459,188.7897186279297
96,2020-05-20,79.52666473388672,22.453994750976562,89.61703491210938,184.72865295410156,447.6700134277344,3.4800000190734863,193.27615356445312
97,2020-05-21,78.93375396728516,22.44419288635254,88.47879028320312,182.5098419189453,436.25,3.3299999237060547,190.0458984375
98,2020-05-22,79.44196319580078,22.20897102355957,87.79192352294922,182.5894317626953,429.32000732421875,3.2699999809265137,190.28518676757812
99,2020-05-26,78.90386199951172,23.79672622680664,94.02281951904297,180.6591796875,414.7699890136719,3.819999933242798,192.63807678222656
100,2020-05-27,79.24764251708984,25.462888717651367,99.4687271118164,180.89796447753906,419.8900146484375,4.170000076293945,192.23928833007812
101,2020-05-28,79.28252410888672,24.365182876586914,97.98705291748047,180.49002075195312,413.44000244140625,3.8299999237060547,193.67494201660156
102,2020-05-29,79.2052993774414,23.639911651611328,95.48487854003906,182.33074951171875,419.7300109863281,3.9800000190734863,194.65200805664062
103,2020-06-01,80.17935943603516,24.12015724182129,96.75067901611328,181.91285705566406,425.9200134277344,4.260000228881836,193.7646942138672
104,2020-06-02,80.55054473876953,24.3455810546875,97.07449340820312,183.982421875,427.30999755859375,4.699999809265137,195.76861572265625
105,2020-06-03,80.99398040771484,25.47269058227539,102.31433868408203,184.43016052246094,421.9700012207031,5.599999904632568,196.27708435058594
106,2020-06-04,80.29644775390625,26.430011749267578,104.44363403320312,182.0023956298828,414.3299865722656,5.96999979019165,193.05682373046875
107,2020-06-05,82.5833740234375,27.742631912231445,109.143798828125,186.26092529296875,419.6000061035156,5.590000152587891,199.0088348388672
108,2020-06-08,83.07164001464844,28.167011260986328,111.32215881347656,187.41510009765625,419.489990234375,5.96999979019165,198.99887084960938
109,2020-06-09,85.69487762451172,27.851192474365234,108.46674346923828,188.847900390625,434.04998779296875,6.679999828338623,198.4804229736328
110,2020-06-10,87.89958953857422,26.252365112304688,104.07075500488281,195.85256958007812,434.4800109863281,6.300000190734863,199.87620544433594
111,2020-06-11,83.67949676513672,23.617259979248047,95.38674926757812,185.33560180664062,425.55999755859375,5.909999847412109,188.3111572265625
112,2020-06-12,84.40194702148438,24.45615005493164,97.99686431884766,186.7982177734375,418.07000732421875,6.099999904632568,191.68096923828125
113,2020-06-15,85.44575500488281,24.821313858032227,99.35098266601562,187.99220275878906,425.5,6.829999923706055,191.18247985839844
114,2020-06-16,87.71025848388672,25.462820053100586,100.14579010009766,192.59898376464844,436.1300048828125,6.989999771118164,192.29910278320312
115,2020-06-17,87.58819580078125,24.673274993896484,97.61418151855469,193.265625,447.7699890136719,6.840000152587891,192.97705078125
116,2020-06-18,87.62307739257812,24.712753295898438,97.08431243896484,195.33518981933594,449.8699951171875,7.179999828338623,193.3260040283203
117,2020-06-19,87.1223373413086,24.92000961303711,95.97549438476562,194.17103576660156,453.7200012207031,7.340000152587891,191.62115478515625
118,2020-06-22,89.40178680419922,24.298242568969727,94.93537902832031,199.56387329101562,468.0400085449219,7.429999828338623,194.37283325195312
119,2020-06-23,91.31005096435547,24.466020584106445,96.09325408935547,200.8971405029297,466.260009765625,7.230000019073486,197.373779296875
120,2020-06-24,89.6982421875,23.49882698059082,92.88458251953125,196.84754943847656,457.8500061035156,6.860000133514404,190.83352661132812
121,2020-06-25,90.8890380859375,24.396934509277344,96.12268829345703,199.3350067138672,465.9100036621094,7.079999923706055,193.39578247070312
122,2020-06-26,88.09640502929688,22.84745216369629,90.85340118408203,195.34512329101562,443.3999938964844,6.900000095367432,188.69996643066406
123,2020-06-29,90.1267318725586,23.08431625366211,91.2557144165039,197.44454956054688,447.239990234375,7.230000019073486,190.80361938476562
124,2020-06-30,90.87906646728516,23.439611434936523,92.29582977294922,202.48910522460938,455.0400085449219,7.71999979019165,192.58822631835938
125,2020-07-01,90.7071762084961,22.95601463317871,91.51083374023438,203.6731414794922,485.6400146484375,7.909999847412109,193.19639587402344
126,2020-07-02,90.7071762084961,22.985624313354492,91.8080825805664,205.22531127929688,476.8900146484375,9.380000114440918,195.0806884765625
127,2020-07-06,93.13361358642578,23.350786209106445,94.12657165527344,209.64303588867188,493.80999755859375,11.510000228881836,197.16439819335938
128,2020-07-07,92.84463500976562,22.70928382873535,91.47120666503906,207.205322265625,493.1600036621094,13.220000267028809,193.61512756347656
129,2020-07-08,95.00699615478516,22.798105239868164,92.44219970703125,211.76235961914062,502.7799987792969,12.880000114440918,194.48252868652344
130,2020-07-09,95.41555786132812,22.47241973876953,90.44076538085938,213.24490356445312,507.760009765625,14.569999694824219,191.63113403320312
131,2020-07-10,95.58246612548828,23.706083297729492,95.3848876953125,212.59814453125,548.72998046875,14.979999542236328,191.9700927734375
132,2020-07-13,95.14152526855469,23.87386131286621,96.75220489501953,206.03125,525.5,13.84000015258789,188.4507293701172
133,2020-07-14,96.7159652709961,23.824512481689453,97.30705261230469,207.30484008789062,524.8800048828125,14.09000015258789,192.74774169921875
134,2020-07-15,97.38111114501953,24.27850341796875,98.8130874633789,206.99636840820312,523.260009765625,13.520000457763672,195.9580535888672
135,2020-07-16,96.18284606933594,23.617259979248047,99.09050750732422,202.8970489501953,527.3900146484375,12.9399995803833,192.917236328125
136,2020-07-17,95.98853302001953,22.916536331176758,97.25752258300781,201.86227416992188,492.989990234375,11.09000015258789,194.50245666503906
137,2020-07-20,98.01139068603516,23.271833419799805,96.40542602539062,210.5385284423828,502.4100036621094,12.819999694824219,197.8722686767578
138,2020-07-21,96.65866088867188,24.100854873657227,98.49602508544922,207.70281982421875,490.1000061035156,12.880000114440918,195.8882598876953
139,2020-07-22,96.9301986694336,23.992292404174805,97.78264617919922,210.68777465820312,489.82000732421875,12.380000114440918,198.26109313964844
140,2020-07-23,92.5182876586914,24.219287872314453,98.06997680664062,201.5239715576172,477.5799865722656,12.149999618530273,196.83538818359375
141,2020-07-24,92.28909301757812,24.031770706176758,97.37641143798828,200.2902069091797,480.45001220703125,11.819999694824219,194.56227111816406
142,2020-07-27,94.47636413574219,23.824512481689453,96.00910186767578,202.82740783691406,495.6499938964844,11.6899995803833,196.3169708251953
143,2020-07-28,92.92435455322266,24.041641235351562,96.42523956298828,201.006591796875,488.510009765625,12.270000457763672,196.14749145507812
144,2020-07-29,94.70555877685547,24.939746856689453,98.76354217529297,203.03634643554688,484.4800109863281,12.699999809265137,197.98193359375
145,2020-07-30,95.85151672363281,24.51536750793457,96.12799072265625,202.8771514892578,485.79998779296875,12.199999809265137,193.4755401611328
146,2020-07-31,105.8860855102539,24.55484390258789,95.7514877319336,203.98158264160156,488.8800048828125,11.9399995803833,189.82656860351562
147,2020-08-03,108.55415344238281,24.663406372070312,95.2164535522461,215.45375061035156,498.6199951171875,13.600000381469727,190.11569213867188
148,2020-08-04,109.27909851074219,24.68314552307129,94.67151641845703,212.2200469970703,509.6400146484375,13.640000343322754,191.71087646484375
149,2020-08-05,109.6751937866211,25.058177947998047,96.31624603271484,211.87181091308594,502.1099853515625,13.920000076293945,195.50941467285156
150,2020-08-06,113.50167846679688,25.13713264465332,96.3459701538086,215.26470947265625,509.0799865722656,13.84000015258789,198.17137145996094
151,2020-08-07,110.92113494873047,25.768768310546875,98.46629333496094,211.41412353515625,494.7300109863281,13.420000076293945,195.76861572265625
152,2020-08-10,112.53335571289062,26.212886810302734,99.71471405029297,207.205322265625,483.3800048828125,14.210000038146973,196.19732666015625
153,2020-08-11,109.1866226196289,26.56818389892578,102.865478515625,202.35977172851562,466.92999267578125,12.989999771118164,197.17437744140625
154,2020-08-12,112.81536865234375,26.380666732788086,101.99356842041016,208.140625,475.4700012207031,13.359999656677246,198.14146423339844
155,2020-08-13,114.81192016601562,26.005632400512695,101.4288101196289,207.65306091308594,481.3299865722656,13.359999656677246,197.28274536132812
156,2020-08-14,114.70960235595703,26.12406349182129,101.46844482421875,207.85206604003906,482.67999267578125,13.100000381469727,196.3441619873047
157,2020-08-17,114.41011047363281,25.561511993408203,98.79326629638672,209.2251434326172,482.3500061035156,14.050000190734863,199.1299591064453
158,2020-08-18,115.36347198486328,25.19635009765625,97.41604614257812,210.42909240722656,491.8699951171875,14.300000190734863,198.71058654785156
159,2020-08-19,115.50821685791016,25.16674041748047,97.64393615722656,209.1524200439453,484.5299987792969,14.0600004196167,200.6876220703125
160,2020-08-20,118.07129669189453,24.771968841552734,96.47478485107422,214.01968383789062,497.8999938964844,13.779999732971191,203.8428497314453
161,2020-08-21,124.15579986572266,24.653535842895508,96.42523956298828,212.46376037597656,492.30999755859375,14.119999885559082,203.82289123535156
162,2020-08-24,125.64073944091797,25.354259490966797,99.14004516601562,213.1320037841797,488.80999755859375,14.970000267028809,206.09945678710938
163,2020-08-25,124.61001586914062,25.660205841064453,99.57600402832031,215.90475463867188,490.5799865722656,17.84000015258789,207.78692626953125
164,2020-08-26,126.30459594726562,25.225955963134766,98.17896270751953,220.57252502441406,547.530029296875,20.440000534057617,209.94366455078125
165,2020-08-27,124.7947006225586,25.709552764892578,101.40898895263672,225.9883575439453,526.27001953125,19.8799991607666,210.71250915527344
166,2020-08-28,124.5925521850586,25.956283569335938,101.82512664794922,228.31227111816406,523.8900146484375,18.5,215.38546752929688
167,2020-08-31,128.8177490234375,25.403602600097656,99.26885223388672,224.9410858154297,529.5599975585938,19.030000686645508,211.6710662841797
168,2020-09-01,133.9488983154297,25.373994827270508,99.21930694580078,226.6765594482422,556.5499877929688,20.1200008392334,213.02902221679688
169,2020-09-02,131.17369079589844,25.67994499206543,100.7154312133789,231.04510498046875,552.8400268554688,19.899999618530273,216.15431213378906
170,2020-09-03,120.67180633544922,25.501060485839844,100.39836883544922,216.7325897216797,525.75,18.700000762939453,208.6456298828125
171,2020-09-04,120.75167083740234,26.3756103515625,102.56822967529297,213.6905517578125,516.0499877929688,17.979999542236328,204.3520965576172
172,2020-09-08,112.62569427490234,25.322174072265625,99.00133514404297,202.1308135986328,507.0199890136719,17.030000686645508,199.8189239501953
173,2020-09-09,117.1179428100586,25.35198974609375,99.9426040649414,210.73826599121094,500.19000244140625,18.09000015258789,203.75299072265625
174,2020-09-10,113.29454040527344,24.984281539916992,98.91216278076172,204.83372497558594,480.6700134277344,17.739999771118164,201.23678588867188
175,2020-09-11,111.8071060180664,25.342052459716797,100.14076232910156,203.4972381591797,482.0299987792969,17.969999313354492,200.37806701660156
176,2020-09-14,115.16131591796875,25.590503692626953,101.52789306640625,204.87362670898438,476.260009765625,18.729999542236328,204.67160034179688
177,2020-09-15,115.34101104736328,25.123414993286133,98.36721801757812,208.23483276367188,495.989990234375,19.190000534057617,205.08099365234375
178,2020-09-16,111.93688201904297,25.44143295288086,98.78335571289062,204.5145721435547,483.8599853515625,19.010000228881836,204.82139587402344
179,2020-09-17,110.14996337890625,25.192981719970703,97.65383911132812,202.38015747070312,470.20001220703125,19.299999237060547,204.961181640625
180,2020-09-18,106.65599060058594,25.05384635925293,97.44577026367188,199.86672973632812,469.9599914550781,19.40999984741211,202.30517578125
181,2020-09-21,109.89041137695312,24.318429946899414,94.4337158203125,202.01112365722656,487.3500061035156,18.809999465942383,197.15293884277344
182,2020-09-22,111.617431640625,23.791715621948242,93.40327453613281,206.8783721923828,491.1700134277344,19.229999542236328,200.2582550048828
183,2020-09-23,106.93550872802734,23.11592674255371,91.88734436035156,200.0662078857422,470.6099853515625,17.959999084472656,195.07606506347656
184,2020-09-24,108.03361511230469,23.195430755615234,91.8080825805664,202.659423828125,473.0799865722656,17.850000381469727,195.22584533691406
185,2020-09-25,112.08662414550781,23.344501495361328,92.61063385009766,207.27734375,482.8800048828125,18.31999969482422,196.9532470703125
186,2020-09-28,114.76200866699219,23.940784454345703,95.27590942382812,208.8931121826172,490.6499938964844,18.809999465942383,200.0186309814453
187,2020-09-29,113.89350128173828,23.62276840209961,94.47335052490234,206.7187957763672,493.4800109863281,20.850000381469727,199.13995361328125
188,2020-09-30,115.61054229736328,23.940784454345703,95.3848876953125,209.78077697753906,500.0299987792969,21.219999313354492,199.6691436767578
189,2020-10-01,116.58885955810547,23.95072364807129,96.07846069335938,211.9052276611328,527.510009765625,21.760000228881836,203.0440673828125
190,2020-10-02,112.82534790039062,24.060041427612305,96.98999786376953,205.65159606933594,503.05999755859375,21.18000030517578,201.15692138671875
191,2020-10-05,116.29935455322266,24.46750259399414,99.04000091552734,209.83065795898438,520.6500244140625,21.59000015258789,203.2337646484375
192,2020-10-06,112.9651107788086,24.219051361083984,98.0199966430664,205.37232971191406,505.8699951171875,20.670000076293945,200.14842224121094
193,2020-10-07,114.88180541992188,24.72589111328125,99.7300033569336,209.28208923339844,534.6599731445312,21.559999465942383,202.16539001464844
194,2020-10-08,114.77198791503906,25.083662033081055,101.77999877929688,210.03013610839844,531.7899780273438,21.440000534057617,202.67462158203125
195,2020-10-09,116.76854705810547,25.202919006347656,101.19999694824219,215.24647521972656,539.4400024414062,21.469999313354492,206.32911682128906
196,2020-10-12,124.18575286865234,25.520936965942383,102.44000244140625,220.82186889648438,539.8099975585938,21.850000381469727,206.08946228027344
197,2020-10-13,120.89143371582031,24.795459747314453,100.77999877929688,222.27806091308594,554.0900268554688,21.6200008392334,204.0126190185547
198,2020-10-14,120.98127746582031,23.473697662353516,100.22000122070312,220.2832794189453,541.4500122070312,26.5,201.8957977294922
199,2020-10-15,120.50210571289062,24.00041389465332,101.72000122070312,219.08642578125,541.9400024414062,28.06999969482422,199.24978637695312
200,2020-10-16,118.81501007080078,24.089855194091797,101.51000213623047,219.08642578125,530.7899780273438,28.479999542236328,199.95870971679688
201,2020-10-19,115.7802505493164,23.573076248168945,99.80000305175781,213.66062927246094,530.719970703125,27.6299991607666,196.6736602783203
202,2020-10-20,117.3076171875,23.990474700927734,100.37000274658203,214.08949279785156,525.4199829101562,27.959999084472656,197.40255737304688
203,2020-10-21,116.6687240600586,23.901031494140625,99.37000274658203,214.23912048339844,489.04998779296875,27.860000610351562,198.13145446777344
204,2020-10-22,115.55064392089844,24.715953826904297,102.87999725341797,214.32887268066406,485.2300109863281,27.3799991607666,197.692138671875
205,2020-10-23,114.84187316894531,24.74576759338379,103.80999755859375,215.66537475585938,488.2799987792969,27.15999984741211,197.71209716796875
206,2020-10-26,114.85185241699219,24.387998580932617,101.23999786376953,209.53143310546875,488.239990234375,26.010000228881836,192.779541015625
207,2020-10-27,116.39917755126953,23.702272415161133,99.33000183105469,212.6931610107422,488.92999267578125,28.440000534057617,189.77406311035156
208,2020-10-28,111.00847625732422,23.32462501525879,96.54000091552734,202.1507568359375,486.239990234375,27.510000228881836,180.59788513183594
209,2020-10-29,115.12138366699219,23.394193649291992,97.16999816894531,204.1854248046875,504.2099914550781,31.989999771118164,184.59185791015625
210,2020-10-30,108.67251586914062,23.55320167541504,98.04000091552734,201.94131469726562,475.739990234375,30.579999923706055,181.43663024902344
211,2020-11-02,108.5826644897461,23.93084716796875,100.25,201.80166625976562,484.1199951171875,33.31999969482422,184.46206665039062
212,2020-11-03,110.24979400634766,24.53706932067871,103.41000366210938,205.89096069335938,487.2200012207031,35.5,188.056640625
213,2020-11-04,114.75202178955078,23.5333251953125,100.25,215.824951171875,496.95001220703125,37.709999084472656,193.6781768798828
214,2020-11-05,118.82499694824219,24.457565307617188,104.3499984741211,222.70693969726562,513.760009765625,42.349998474121094,197.3426513671875
215,2020-11-06,118.69000244140625,24.159421920776367,102.95999908447266,223.1358184814453,514.72998046875,41.630001068115234,198.17140197753906
216,2020-11-09,116.31999969482422,27.58805274963379,116.9000015258789,217.81973266601562,470.5,44.02000045776367,212.36001586914062
217,2020-11-10,115.97000122070312,27.488672256469727,116.5199966430664,210.45899963378906,480.239990234375,41.54999923706055,212.98907470703125
218,2020-11-11,119.48999786376953,27.170654296875,114.77999877929688,215.9845428466797,490.760009765625,43.08000183105469,212.37998962402344
219,2020-11-12,119.20999908447266,26.524681091308594,113.37000274658203,214.87744140625,486.7699890136719,48.29999923706055,208.25999450683594
220,2020-11-13,119.26000213623047,26.832759857177734,114.08000183105469,215.94464111328125,482.8399963378906,44.560001373291016,210.47999572753906
221,2020-11-16,120.30000305175781,27.409168243408203,117.30000305175781,216.6627655029297,479.1000061035156,45.58000183105469,212.6999969482422
222,2020-11-17,119.38999938964844,27.379352569580078,116.11000061035156,213.90000915527344,480.6300048828125,46.59000015258789,210.7100067138672
223,2020-11-18,118.02999877929688,26.812883377075195,115.25,211.0800018310547,481.7900085449219,45.060001373291016,207.8300018310547
224,2020-11-19,118.63999938964844,26.812883377075195,115.55999755859375,212.4199981689453,484.6700134277344,48.45000076293945,207.57000732421875
225,2020-11-20,117.33999633789062,26.643936157226562,114.56999969482422,210.38999938964844,488.239990234375,49.25,203.8800048828125
226,2020-11-23,113.8499984741211,27.22034454345703,117.87000274658203,210.11000061035156,476.6199951171875,55.380001068115234,208.16000366210938
227,2020-11-24,115.16999816894531,28.800495147705078,123.31999969482422,213.86000061035156,482.8800048828125,53.5099983215332,209.67999267578125
228,2020-11-25,116.02999877929688,28.850187301635742,122.02999877929688,213.8699951171875,485.0,53.689998626708984,210.88999938964844
229,2020-11-27,116.58999633789062,28.810434341430664,121.22000122070312,215.22999572753906,491.3599853515625,54.0,211.0
230,2020-11-30,119.05000305175781,27.98557472229004,117.87999725341797,214.07000732421875,490.70001220703125,50.529998779296875,210.35000610351562
231,2020-12-01,122.72000122070312,28.512292861938477,119.73999786376953,216.2100067138672,504.5799865722656,45.36000061035156,211.1999969482422
232,2020-12-02,123.08000183105469,28.880001068115234,122.04000091552734,215.3699951171875,503.3800048828125,47.97999954223633,210.17999267578125
233,2020-12-03,122.94000244140625,28.90999984741211,121.23999786376953,214.24000549316406,497.5199890136719,45.349998474121094,208.0500030517578
